id,name,email,school_id,login_id,created_at,updated_at
de6dfaf6-ab7f-4bb4-a69f-1ed84f0e0fcd,Allison Hill,donaldgarcia@example.net,3b75eb77-7810-4225-91df-f88e7f03a544,1b24d1e6-4696-448d-ae55-29d292c96388,2025-10-11 13:38:14,2025-10-11 13:38:14
a929a36b-3546-4431-96fc-87903478997f,Angie Henderson,davisjesse@example.net,3b75eb77-7810-4225-91df-f88e7f03a544,b8622073-e964-4e69-b019-2a600b04cf47,2025-10-11 13:38:14,2025-10-11 13:38:14
6dbf2132-deea-4fa8-88e9-92679db212b5,Cristian Santos,lrobinson@example.com,3b75eb77-7810-4225-91df-f88e7f03a544,eba9a177-a15a-400e-8bc4-c0bccdda0139,2025-10-11 13:38:14,2025-10-11 13:38:14
4d57e9c6-5f3b-477e-b472-097cc5f2af8e,Abigail Shaffer,jpeterson@example.org,3b75eb77-7810-4225-91df-f88e7f03a544,97d8b8da-dbc2-4172-934f-e96e370ce2cf,2025-10-11 13:38:14,2025-10-11 13:38:14
30f0fada-4b7d-41d7-a966-ef042fe2767f,Gabrielle Davis,howardmaurice@example.com,3b75eb77-7810-4225-91df-f88e7f03a544,23fc9b4f-4bd5-49b7-9ef3-ce6692ff1191,2025-10-11 13:38:14,2025-10-11 13:38:14
e28a79d5-6733-45e8-8ec3-cc5ab918d49a,Monica Herrera,smiller@example.net,3b75eb77-7810-4225-91df-f88e7f03a544,73ab884f-9a43-4163-8d9d-a83cbd9314e5,2025-10-11 13:38:14,2025-10-11 13:38:14
618195be-ec5f-4efb-b6d6-af6fb3a9f4b0,Shannon Ray,williamsjeremy@example.com,3b75eb77-7810-4225-91df-f88e7f03a544,0a862206-5ee3-4206-96f8-256a5e84fe4f,2025-10-11 13:38:14,2025-10-11 13:38:14
ca12e299-d490-4914-83b2-da25b45ac0d6,Dr. Sharon James,xreid@example.org,3b75eb77-7810-4225-91df-f88e7f03a544,018aac63-993a-482b-8a4e-eb5573a08c3b,2025-10-11 13:38:14,2025-10-11 13:38:14
41e16638-eacf-4bae-9cd9-fedf27c43824,Daniel Adams,lynchgeorge@example.net,3b75eb77-7810-4225-91df-f88e7f03a544,6157f666-b2c1-4461-be06-1a3d44a0040e,2025-10-11 13:38:14,2025-10-11 13:38:14
3d012420-6657-4a27-8979-f894beaef97d,Joel Nelson,gabriellecameron@example.org,3b75eb77-7810-4225-91df-f88e7f03a544,9726ac4d-d700-4f90-84cf-a6302df12a7a,2025-10-11 13:38:14,2025-10-11 13:38:14
3e93ae30-57f6-4a20-a67a-97f84490efda,Andrew Stewart,carl95@example.org,3b75eb77-7810-4225-91df-f88e7f03a544,b8e79897-a058-420d-8d01-964b0890cf5d,2025-10-11 13:38:14,2025-10-11 13:38:14
23343830-acd9-40db-9b58-ed66299f7768,Jennifer Rocha,ithomas@example.org,3b75eb77-7810-4225-91df-f88e7f03a544,f1f8bd8d-98e8-46b2-a908-647bb7bdc086,2025-10-11 13:38:14,2025-10-11 13:38:14
a7c476a1-f7e4-4e7e-9f7a-094e4e727887,Kimberly Burgess,zhurst@example.com,3b75eb77-7810-4225-91df-f88e7f03a544,86d79025-1e1e-477d-aaa6-c26e56caf993,2025-10-11 13:38:14,2025-10-11 13:38:14
5e912c67-23bd-4c42-b4c6-7ec4b0c3e740,Zachary Hicks,camposmichelle@example.org,3b75eb77-7810-4225-91df-f88e7f03a544,dde714d3-709c-4327-94ba-310fdc413a21,2025-10-11 13:38:14,2025-10-11 13:38:14
9ee7658e-de68-4ed4-8820-356e8d929c64,Rebecca Henderson,cruzcaitlin@example.com,3b75eb77-7810-4225-91df-f88e7f03a544,bed6c365-041a-4625-b885-89a66ecaac41,2025-10-11 13:38:14,2025-10-11 13:38:14
fb26ac24-e2c8-4235-8abf-1543b21a2d1d,Tricia Valencia,frazierdanny@example.net,3b75eb77-7810-4225-91df-f88e7f03a544,ffd17719-9ae6-49f0-b63c-40f69b0aa59f,2025-10-11 13:38:14,2025-10-11 13:38:14
c14b1572-e1bb-45cc-b638-59ab8624c2e2,Patricia Peterson,ryan70@example.net,3b75eb77-7810-4225-91df-f88e7f03a544,3b0fd68c-46da-44e6-8f14-ff3132a76157,2025-10-11 13:38:14,2025-10-11 13:38:14
28d92c43-2fee-4448-9d25-1cf612da068f,Deborah Mason,williamrodriguez@example.net,3b75eb77-7810-4225-91df-f88e7f03a544,0c0efa0b-14d6-457e-91d9-927720f27269,2025-10-11 13:38:14,2025-10-11 13:38:14
4641c54a-e3c0-4857-8ede-0165bd2fce11,Mark Lynch,nathanielmartin@example.net,3b75eb77-7810-4225-91df-f88e7f03a544,ee4711c4-ac15-4649-8427-5cfd7b13b870,2025-10-11 13:38:14,2025-10-11 13:38:14
21e8c0a1-25d8-450a-bda2-ff60c88e89d3,Linda Burns,hickmannatasha@example.com,3b75eb77-7810-4225-91df-f88e7f03a544,ba7c8dce-687f-4558-8580-55b96c398c60,2025-10-11 13:38:14,2025-10-11 13:38:14
9e6643b9-8c95-4081-9c08-9a300fbd1e22,David Bradley,millertodd@example.org,3b75eb77-7810-4225-91df-f88e7f03a544,f51b9136-3814-4e77-994c-749ac180ff4b,2025-10-11 13:38:14,2025-10-11 13:38:14
e21a66eb-6fc4-40eb-afd6-80726a969c2b,Kim Martinez,karroyo@example.com,3b75eb77-7810-4225-91df-f88e7f03a544,08bb49f0-45ef-40b7-8f9e-b718ec417eb3,2025-10-11 13:38:14,2025-10-11 13:38:14
3db64735-167d-4b6b-b7c6-6ac8e62d1b41,Lisa Brandt,jenniferross@example.net,3b75eb77-7810-4225-91df-f88e7f03a544,b68d7c32-3ba9-429a-bd87-058809b6dae1,2025-10-11 13:38:14,2025-10-11 13:38:14
78dadb10-19d0-4b71-b9c1-37bbb47032ea,Jessica Holmes,wrightcaleb@example.org,3b75eb77-7810-4225-91df-f88e7f03a544,91cb420b-2a94-4ff3-9b1b-c2cc92dd9ae5,2025-10-11 13:38:14,2025-10-11 13:38:14
a8948624-7c95-4b07-9897-604faf908806,Crystal Robinson,zimmermanbrian@example.org,3b75eb77-7810-4225-91df-f88e7f03a544,1f5fd6f2-29c1-49b6-80fb-6eb8481df77f,2025-10-11 13:38:14,2025-10-11 13:38:14
5ea05f03-d693-43b2-8550-1a5ec0b0fd0d,Shannon Jones,joshuawashington@example.net,3b75eb77-7810-4225-91df-f88e7f03a544,7e139196-500f-45fb-b28b-b6a0d27d75ca,2025-10-11 13:38:14,2025-10-11 13:38:14
abb5f975-bb59-4e4d-b623-54509f2d1a80,Timothy Duncan,esanchez@example.com,3b75eb77-7810-4225-91df-f88e7f03a544,56613724-dc6b-41ed-b9dc-986c39d5ab80,2025-10-11 13:38:14,2025-10-11 13:38:14
c7950e2c-6d7d-4862-969c-7ce5e63203b6,Brent Jordan,ujenkins@example.org,3b75eb77-7810-4225-91df-f88e7f03a544,b5df09c1-4cdd-46bf-93fb-373c3dbd0558,2025-10-11 13:38:14,2025-10-11 13:38:14
269e28f1-91ee-4c7a-831a-d75efef1a325,Victoria Garcia,zchandler@example.org,3b75eb77-7810-4225-91df-f88e7f03a544,f68434b1-2e4a-4199-b81d-76d023500994,2025-10-11 13:38:14,2025-10-11 13:38:14
58cdd9be-6632-4722-a54c-c902da3de823,Connor West,dwhite@example.org,3b75eb77-7810-4225-91df-f88e7f03a544,4e5e23d9-9c9b-4495-bb8e-7fcbaf513ce0,2025-10-11 13:38:14,2025-10-11 13:38:14
2fa885ba-5484-43e9-9b35-ee4358e6f7c8,Angela Morton,williamsyvette@example.org,defdeec1-8999-4706-b114-ee500d4d4e60,606adc98-9a58-4ffb-a430-b1569a77a8b7,2025-10-11 13:38:14,2025-10-11 13:38:14
57b409f4-2fb1-40c6-a853-e6ecc7c63624,Tammy Allison,richardolson@example.com,defdeec1-8999-4706-b114-ee500d4d4e60,bb86aa64-ae51-420e-88d0-162131b77c11,2025-10-11 13:38:14,2025-10-11 13:38:14
7818b4cd-3ed9-40a9-8d21-6c4e0eb4ab16,Carmen Smith,ybaker@example.com,defdeec1-8999-4706-b114-ee500d4d4e60,e8405053-ebea-4dbc-8065-ef41d8785a9f,2025-10-11 13:38:14,2025-10-11 13:38:14
972a86e5-8e51-4566-91d7-c040f62727ef,Michael Cross,smoore@example.org,defdeec1-8999-4706-b114-ee500d4d4e60,537fb8a7-8349-4e23-98d2-a4d09850083b,2025-10-11 13:38:14,2025-10-11 13:38:14
74d90d53-ac54-46a5-8a08-fde8a443ca63,Lauren Daniels,brian97@example.net,defdeec1-8999-4706-b114-ee500d4d4e60,7ac23dd9-2824-4649-9c9e-142a8a295bb1,2025-10-11 13:38:14,2025-10-11 13:38:14
69ed8780-dfaa-4c6f-bc6f-9479b300a359,Kim Brown,yorkcasey@example.org,defdeec1-8999-4706-b114-ee500d4d4e60,4cd0048a-7ce3-4cdf-bc4c-321fdecd3dce,2025-10-11 13:38:14,2025-10-11 13:38:14
f476e2a1-4559-44b8-8a10-1dd2138a5670,Cynthia Wilson,bethwilliams@example.org,defdeec1-8999-4706-b114-ee500d4d4e60,eb93633b-9847-4013-b664-f7c406252a69,2025-10-11 13:38:14,2025-10-11 13:38:14
77bf8877-17bf-47f5-8cd1-dcb61975414d,Kevin Mills,james53@example.com,defdeec1-8999-4706-b114-ee500d4d4e60,d94b8fb1-4fc4-43f3-9905-35af39d0e047,2025-10-11 13:38:14,2025-10-11 13:38:14
66ab8c4a-cba5-4367-9070-96ac168b4e5c,Michael Evans,sarah10@example.com,defdeec1-8999-4706-b114-ee500d4d4e60,1865c293-fa62-450f-86fe-12fe89ec0825,2025-10-11 13:38:14,2025-10-11 13:38:14
6c9a17e2-88c6-4bc1-9930-baadfb0da1d6,Kristine Garcia,williamanderson@example.com,defdeec1-8999-4706-b114-ee500d4d4e60,1351b3ee-235d-427a-84e0-b7b66e8316f8,2025-10-11 13:38:14,2025-10-11 13:38:14
7c5df597-a95f-4555-8e57-0a64db43972a,Sherry Wood,samueldaniels@example.com,defdeec1-8999-4706-b114-ee500d4d4e60,5f1b7e06-7b11-47d1-bb4e-e69750a9b371,2025-10-11 13:38:14,2025-10-11 13:38:14
7f0e54a4-1cdb-4a68-a1de-7e059eb3f8ed,Victoria Valdez,contrerasangela@example.net,defdeec1-8999-4706-b114-ee500d4d4e60,22f8c492-7ef0-4f78-ad9f-c95d076021f7,2025-10-11 13:38:14,2025-10-11 13:38:14
db26a273-945f-445e-8562-de2df5314e6e,Shawn Baker,newtoneric@example.com,defdeec1-8999-4706-b114-ee500d4d4e60,281ceba8-6c23-421a-bfb7-6ec44611be0f,2025-10-11 13:38:14,2025-10-11 13:38:14
83ffdad7-533e-48e4-8007-0b8c067bcfb3,Michelle Harris,william40@example.org,defdeec1-8999-4706-b114-ee500d4d4e60,00a634b1-0bad-4a46-9c8e-969d6b39ea20,2025-10-11 13:38:14,2025-10-11 13:38:14
240bc696-73c6-4006-a213-78459c8f380f,Sandra Williams,kellie42@example.net,defdeec1-8999-4706-b114-ee500d4d4e60,58914a25-cd59-400d-8d60-7748f4352769,2025-10-11 13:38:14,2025-10-11 13:38:14
3c8a8a97-0443-4672-a2d8-11268ee33cf2,Michael Hoffman,jonesnicole@example.org,defdeec1-8999-4706-b114-ee500d4d4e60,d29a8945-6085-4a0a-aeda-83abc4e0002e,2025-10-11 13:38:14,2025-10-11 13:38:14
319a39b3-a420-440a-a5cb-af972f18e43d,Sandra Aguilar,russellwilliams@example.com,defdeec1-8999-4706-b114-ee500d4d4e60,7f111fb4-2fcd-46ff-a83c-1fa739d68695,2025-10-11 13:38:14,2025-10-11 13:38:14
731fb2f2-e5b9-42c5-9e7f-07b2debaadbc,Rebecca Valencia,jason31@example.com,defdeec1-8999-4706-b114-ee500d4d4e60,9b2da4c2-8fc8-49c7-93ad-91ef7a8cd6e1,2025-10-11 13:38:14,2025-10-11 13:38:14
cb5ca44d-0b0f-4634-8f92-264afa3d4eef,Stacey Russell,sarayoung@example.org,defdeec1-8999-4706-b114-ee500d4d4e60,510a6b30-acdf-4e66-98eb-6bbd1217e784,2025-10-11 13:38:14,2025-10-11 13:38:14
dfac5db4-315f-4ecf-82ae-3761642923a0,Rita Keith,whitesandra@example.com,defdeec1-8999-4706-b114-ee500d4d4e60,d5a9f3e8-ae52-4adb-9c9d-eb22bda66293,2025-10-11 13:38:14,2025-10-11 13:38:14
e008d5a8-e498-4773-8c4a-43198f89b8ab,Sharon Cochran,erik16@example.org,defdeec1-8999-4706-b114-ee500d4d4e60,0a0661a1-e91b-4620-9b72-1546665749ad,2025-10-11 13:38:14,2025-10-11 13:38:14
67321f07-3b37-4dbe-9f18-b3887cea4890,Courtney Velasquez,ybailey@example.org,03551b5d-55a6-4bc8-bb48-bf1506f97d23,ff8c958f-50b4-4ab0-b49d-6f2696b40666,2025-10-11 13:38:14,2025-10-11 13:38:14
046a649e-2e71-4145-9441-c66412016056,Matthew Ross,michelle45@example.net,03551b5d-55a6-4bc8-bb48-bf1506f97d23,2803df60-e9bb-4ceb-9045-61e0f42709c2,2025-10-11 13:38:14,2025-10-11 13:38:14
c70e03d3-b2ea-4bf2-950d-53a4eeb9051d,Meghan Anthony,sheila14@example.org,03551b5d-55a6-4bc8-bb48-bf1506f97d23,29b06792-9913-4865-9448-db9689fc9dda,2025-10-11 13:38:14,2025-10-11 13:38:14
6dc58284-2edd-4c4d-aeee-f97e50a4f22e,Victoria Johnson,yreed@example.com,03551b5d-55a6-4bc8-bb48-bf1506f97d23,c8528f78-49ce-46b5-beab-4f3dd56008e1,2025-10-11 13:38:14,2025-10-11 13:38:14
11eb0aa1-8e6d-4162-b737-f4b67a1f0ae7,William Wilson,jonathanfletcher@example.org,03551b5d-55a6-4bc8-bb48-bf1506f97d23,b1b73003-9a73-4e26-a07a-281a2ba69c24,2025-10-11 13:38:14,2025-10-11 13:38:14
f5ffafb2-fb26-4833-8dae-f92616bb2007,Renee Mcdaniel,michaeljones@example.net,03551b5d-55a6-4bc8-bb48-bf1506f97d23,42876bf6-106e-4659-87a7-2f9abf7da2bc,2025-10-11 13:38:14,2025-10-11 13:38:14
0ef05129-c986-47cb-a698-3b32edd02636,Lisa Alvarado,cortezkevin@example.com,03551b5d-55a6-4bc8-bb48-bf1506f97d23,1ff04c96-258c-4971-8664-3a18bb7afe53,2025-10-11 13:38:14,2025-10-11 13:38:14
583d2f61-68a0-45aa-a6e1-36f377d68b0d,Erika Terry,jamesortega@example.com,03551b5d-55a6-4bc8-bb48-bf1506f97d23,a8d9eeec-8b9a-403a-9f4e-d0a30048b063,2025-10-11 13:38:14,2025-10-11 13:38:14
5ffc19af-5c7d-44b9-aba6-0e7dcbadf3b8,Stephanie Gilbert,richard04@example.com,03551b5d-55a6-4bc8-bb48-bf1506f97d23,60585669-a4b6-4dd2-a365-658c6c2bd683,2025-10-11 13:38:14,2025-10-11 13:38:14
24f8f8cd-9bca-4838-af3d-ca4944d94511,Richard Lawson,steven73@example.net,03551b5d-55a6-4bc8-bb48-bf1506f97d23,f0881fd5-59fa-4d39-8da9-0b95e2840fae,2025-10-11 13:38:14,2025-10-11 13:38:14
3ba60a17-d210-4198-9372-ba243f0fe4c0,Steven Flynn,donnacampbell@example.net,03551b5d-55a6-4bc8-bb48-bf1506f97d23,075306bf-0767-48a5-a652-a011ed8bc1c3,2025-10-11 13:38:14,2025-10-11 13:38:14
0074dbc3-d9f8-448f-9376-a2f13a6f4e7b,Frances Cardenas,emilywalker@example.org,03551b5d-55a6-4bc8-bb48-bf1506f97d23,f90a88eb-2ca2-4ad6-b095-17cf33db8104,2025-10-11 13:38:14,2025-10-11 13:38:14
18375d5b-63eb-4ecc-8e42-c468cab9ad5f,Angel Riggs,gibsonolivia@example.net,03551b5d-55a6-4bc8-bb48-bf1506f97d23,67aa7d3f-aa95-4889-aab7-c560413c3b03,2025-10-11 13:38:14,2025-10-11 13:38:14
6a8d5b33-0e7d-4135-bc2d-c41404c007d9,Michael Snyder,dylanwatts@example.org,03551b5d-55a6-4bc8-bb48-bf1506f97d23,0ffd98f3-9fa7-406d-bfe3-2f0e461e6248,2025-10-11 13:38:14,2025-10-11 13:38:14
2324016c-4cc7-409c-a2f4-c07b9b8aa549,Colleen Brock,pwilliams@example.org,03551b5d-55a6-4bc8-bb48-bf1506f97d23,38995410-0599-44db-9c24-3d3b087710ef,2025-10-11 13:38:14,2025-10-11 13:38:14
55e1bf14-6726-4552-b902-2a61f3cc2969,Robert Contreras,stephanie79@example.net,03551b5d-55a6-4bc8-bb48-bf1506f97d23,fe71ded2-46e1-4af0-a93c-b137eb15f3bb,2025-10-11 13:38:14,2025-10-11 13:38:14
3654b761-9e02-40cb-a417-a05b9e807d7d,Jessica Meadows,vmerritt@example.com,03551b5d-55a6-4bc8-bb48-bf1506f97d23,11a1aed6-2fc8-41bf-b0be-fd47686fb625,2025-10-11 13:38:14,2025-10-11 13:38:14
c30a7347-6746-4bfc-9785-5c6c6930662b,Paul Larsen,katie87@example.net,03551b5d-55a6-4bc8-bb48-bf1506f97d23,673d825a-68f8-4bea-bd02-88e4a84521dc,2025-10-11 13:38:14,2025-10-11 13:38:14
971e2f56-09f5-426a-95e2-e83a4ed69dae,Jeremiah Reeves,josephflores@example.net,03551b5d-55a6-4bc8-bb48-bf1506f97d23,28797040-e72c-453c-9ac3-30de17d02fd7,2025-10-11 13:38:14,2025-10-11 13:38:14
a4a9fa28-d50b-4a0b-8d6a-c915e3200456,Chris Reyes,jasminebrown@example.com,03551b5d-55a6-4bc8-bb48-bf1506f97d23,d5451da4-a0f5-425c-8e6b-10de6c64c049,2025-10-11 13:38:14,2025-10-11 13:38:14
68f64099-b498-492c-8311-692ba8a5e385,John Brown,xprice@example.net,89c0cba5-1683-4b4c-a888-f5e68a2fc70b,4b66706c-df6b-4834-a15d-f478206b1882,2025-10-11 13:38:14,2025-10-11 13:38:14
c3ad0903-fab8-4662-a73f-bcfbf39dc7cc,Alicia Gilmore,wwoods@example.com,89c0cba5-1683-4b4c-a888-f5e68a2fc70b,bfb9438d-9685-4108-8b52-e550b83dca90,2025-10-11 13:38:14,2025-10-11 13:38:14
a5ac98b7-0b97-45ed-8617-5f4eadf10c7c,Sarah Ashley,vmedina@example.net,89c0cba5-1683-4b4c-a888-f5e68a2fc70b,81135007-d13e-4c00-9fec-4fbe0c206a63,2025-10-11 13:38:14,2025-10-11 13:38:14
e708c378-a0da-42e1-8111-0dc952956fed,Stephanie Freeman,ryan06@example.com,89c0cba5-1683-4b4c-a888-f5e68a2fc70b,03973ef8-529e-4bc4-b0ea-bcdd9fdc41f8,2025-10-11 13:38:14,2025-10-11 13:38:14
addf473e-3e22-4042-bbe1-469d23c4b8f8,Rebecca Ramsey,ncalhoun@example.net,89c0cba5-1683-4b4c-a888-f5e68a2fc70b,23b3bf27-e6f9-4347-8ad3-5883c72b4a47,2025-10-11 13:38:14,2025-10-11 13:38:14
ca7a9db0-f0f5-4852-9ec9-8c054144b76d,James Elliott,millerroy@example.com,89c0cba5-1683-4b4c-a888-f5e68a2fc70b,2e0b6b16-c69a-4265-bf1c-6988a3959879,2025-10-11 13:38:14,2025-10-11 13:38:14
4052a6c4-2e56-4094-b05d-6e968edb1e25,David Murphy,wmurphy@example.com,89c0cba5-1683-4b4c-a888-f5e68a2fc70b,a0759d4b-a874-4303-a932-2ca7dba69e3d,2025-10-11 13:38:14,2025-10-11 13:38:14
243270be-cc7f-4f43-b8aa-5891793786f4,Trevor Fisher,ruizkaitlyn@example.org,89c0cba5-1683-4b4c-a888-f5e68a2fc70b,0f033a32-b984-4360-83bb-de79cf65303e,2025-10-11 13:38:14,2025-10-11 13:38:14
30b58c07-4ff6-4464-8d90-93f58a289052,Mrs. Marie Harrington DDS,herringjames@example.org,89c0cba5-1683-4b4c-a888-f5e68a2fc70b,ea8fe9ea-0350-4400-86d8-277e080b0fc3,2025-10-11 13:38:14,2025-10-11 13:38:14
aa517592-ec36-4bf2-94c5-cc8bb960ebf6,Cynthia Wells,elliottjeffery@example.net,89c0cba5-1683-4b4c-a888-f5e68a2fc70b,1ccc6b85-8eb0-4bab-b535-0014b78aebc3,2025-10-11 13:38:14,2025-10-11 13:38:14
856eb96d-263d-4692-b7b0-cf65076cc45e,Jacob Obrien,stricklandfrank@example.com,89c0cba5-1683-4b4c-a888-f5e68a2fc70b,c4645192-9d74-45f0-9e8c-05a4c6985501,2025-10-11 13:38:14,2025-10-11 13:38:14
d55541b6-682d-4bc4-b5fc-e5cb2a666f1d,Alexander Collins,tsanders@example.org,89c0cba5-1683-4b4c-a888-f5e68a2fc70b,ce944aeb-065f-4a40-afbe-ab73d7c9656b,2025-10-11 13:38:14,2025-10-11 13:38:14
1ec99da6-44c2-40b9-9a54-7a57fc900cf3,Michael Burton,terrykevin@example.net,89c0cba5-1683-4b4c-a888-f5e68a2fc70b,a2e406ea-8b04-4a78-962b-57f7562b62d5,2025-10-11 13:38:14,2025-10-11 13:38:14
3df4a2b1-bcf2-4351-a685-c4fd1189d275,Barbara Riggs,reedross@example.com,89c0cba5-1683-4b4c-a888-f5e68a2fc70b,1b564df9-68a3-418c-9f47-5cb0c35300f1,2025-10-11 13:38:14,2025-10-11 13:38:14
693c639d-343d-4f5b-bba1-7b3215b119b0,Matthew Smith,gshort@example.com,89c0cba5-1683-4b4c-a888-f5e68a2fc70b,6ef3883a-98e4-468e-bd9a-c07f337ef2b4,2025-10-11 13:38:14,2025-10-11 13:38:14
943c2014-09cd-4c80-9f82-e2eb6e7f78e2,Madison Poole,ryangross@example.net,89c0cba5-1683-4b4c-a888-f5e68a2fc70b,37092c39-61ce-4648-b2f4-2e5945c95fb7,2025-10-11 13:38:14,2025-10-11 13:38:14
95e9f21e-af69-4d26-b3a5-d3c2170652a4,Robert Medina,umarshall@example.net,89c0cba5-1683-4b4c-a888-f5e68a2fc70b,98fbef86-819b-424c-9e2b-db9da9d40030,2025-10-11 13:38:14,2025-10-11 13:38:14
e58400f0-8ea0-4dc4-bef8-1470eafdb63e,Samuel Rivas,ramirezshannon@example.com,89c0cba5-1683-4b4c-a888-f5e68a2fc70b,4384f3f3-ded7-4afe-a0c0-8383e1906da9,2025-10-11 13:38:14,2025-10-11 13:38:14
46a25296-b6c0-4960-9926-9d76373329ca,Mary Rogers,lrosales@example.com,89c0cba5-1683-4b4c-a888-f5e68a2fc70b,1bfebfc8-c73b-40e5-89a4-1f63b3e3c436,2025-10-11 13:38:14,2025-10-11 13:38:14
6361d921-0555-4aba-a12d-8432f361202e,Robert Peterson,angela83@example.org,89c0cba5-1683-4b4c-a888-f5e68a2fc70b,45740a55-2c14-4278-b258-756692912b43,2025-10-11 13:38:14,2025-10-11 13:38:14
21669233-15a8-410d-badb-ddda299bb962,Jason Peters,hannahbrewer@example.com,89c0cba5-1683-4b4c-a888-f5e68a2fc70b,3cc1530e-0beb-490f-b7b0-920c621965a3,2025-10-11 13:38:14,2025-10-11 13:38:14
44329aae-a234-48ee-b590-55fc0aa6ecdb,Alan Phillips,tholt@example.net,89c0cba5-1683-4b4c-a888-f5e68a2fc70b,7e8a81f8-73bc-47cd-a6d8-5b1d7cf47ddf,2025-10-11 13:38:14,2025-10-11 13:38:14
2cd25e65-02b1-4966-9353-6353271ffe3b,Kara Schmidt,jbarajas@example.com,89c0cba5-1683-4b4c-a888-f5e68a2fc70b,1a3c2c57-d71e-4efc-9862-4782be81e89a,2025-10-11 13:38:14,2025-10-11 13:38:14
a4bf7b96-baf3-4313-82c1-cc6f54add9ff,Jesse Parker,davidlee@example.org,89c0cba5-1683-4b4c-a888-f5e68a2fc70b,ce64d141-0340-4a19-a07e-4591bac587ed,2025-10-11 13:38:14,2025-10-11 13:38:14
7bba85b1-f771-4d87-8dd5-2141350a0102,Tiffany Vaughn,javierwashington@example.net,18c3b73f-dfad-46a2-b66e-e9591778ccda,2e87f2c3-d3b8-4146-b17a-cfd273d918e8,2025-10-11 13:38:14,2025-10-11 13:38:14
8e7c7f7f-5fef-445e-9b51-9a3777caa6e2,Paige Carlson,wallkenneth@example.com,18c3b73f-dfad-46a2-b66e-e9591778ccda,8b182dda-5f2f-4e6c-bb1b-beefb3fb2e50,2025-10-11 13:38:14,2025-10-11 13:38:14
2c74db2e-32e0-4ae3-b1b4-7ecc7537a943,Adrian Ferguson,brandon08@example.com,18c3b73f-dfad-46a2-b66e-e9591778ccda,9fe4c37b-93e5-4588-84d7-1f8ba1c9b9fe,2025-10-11 13:38:14,2025-10-11 13:38:14
6c213c6b-e136-4288-89f0-f5dc6c93ac63,Beth Oneill,agarcia@example.net,18c3b73f-dfad-46a2-b66e-e9591778ccda,7a20b026-30cb-4bb5-8cf2-a7aa2b6534a7,2025-10-11 13:38:14,2025-10-11 13:38:14
291c4fa1-736a-401c-b253-0dfe6150139b,John Peterson,kingmichelle@example.org,18c3b73f-dfad-46a2-b66e-e9591778ccda,2116a73e-e00a-4737-bafa-2ef385734ff2,2025-10-11 13:38:14,2025-10-11 13:38:14
45d9f615-890f-4133-be1a-8f2f87526a2b,Jennifer Jones,hernandezlisa@example.com,18c3b73f-dfad-46a2-b66e-e9591778ccda,7d4d636b-bc04-432e-9e30-157913379f18,2025-10-11 13:38:14,2025-10-11 13:38:14
ffc3e6db-c7ab-4489-99fe-74562a53662f,David Grant,yobrien@example.net,18c3b73f-dfad-46a2-b66e-e9591778ccda,be71c89f-0856-48d4-8182-4d351db1627b,2025-10-11 13:38:14,2025-10-11 13:38:14
dfb31799-744d-4439-9620-3832001ad007,Joseph Hayes,levans@example.com,18c3b73f-dfad-46a2-b66e-e9591778ccda,0fde72eb-77fb-4b41-a7af-ec2d999fe1f8,2025-10-11 13:38:14,2025-10-11 13:38:14
247667a4-a4cb-434e-a32b-cd4122fa0f81,Marc Lynch,mezajared@example.org,18c3b73f-dfad-46a2-b66e-e9591778ccda,0e063705-05b0-4054-9208-611e3ac1a659,2025-10-11 13:38:14,2025-10-11 13:38:14
5024aa7a-0201-427d-9480-0aaf109e815d,Brad Allen,moorericky@example.net,18c3b73f-dfad-46a2-b66e-e9591778ccda,7ceda406-b35c-4b6f-9050-82b9c8d02fd4,2025-10-11 13:38:14,2025-10-11 13:38:14
022a6c59-8900-47e9-826d-70707dae751f,Doris Hall,jacqueline71@example.net,18c3b73f-dfad-46a2-b66e-e9591778ccda,c81bd8ce-8c78-44a7-9c29-23c0e6f976c6,2025-10-11 13:38:14,2025-10-11 13:38:14
fe83ee9e-1f42-4ee4-aa95-14a10ec1e5b1,Dennis Moody,ronaldstephens@example.net,18c3b73f-dfad-46a2-b66e-e9591778ccda,31887022-5575-4f6e-b05a-c7600f520585,2025-10-11 13:38:14,2025-10-11 13:38:14
8766fbff-12a8-4983-8161-30d2e4f61e44,Derek Thomas,martinkyle@example.net,18c3b73f-dfad-46a2-b66e-e9591778ccda,84a64c9a-9bbe-486d-8f60-93fa5dc968d4,2025-10-11 13:38:14,2025-10-11 13:38:14
c724d2bc-3b5c-439b-889f-765e8434b30f,Tammy Gonzales,sbarker@example.com,18c3b73f-dfad-46a2-b66e-e9591778ccda,28f96d4b-0559-458f-ad5c-c228ed3d0b18,2025-10-11 13:38:14,2025-10-11 13:38:14
4d6c627a-b199-4feb-9d76-aed7ec8129e7,Kathryn Snyder,georgepamela@example.net,18c3b73f-dfad-46a2-b66e-e9591778ccda,dafff601-4ae0-4340-b8ad-557193025261,2025-10-11 13:38:14,2025-10-11 13:38:14
0714ce0e-7426-41c9-b87a-9689487bc8fc,David Davis,keyemily@example.com,18c3b73f-dfad-46a2-b66e-e9591778ccda,a77a2fd6-08ca-4593-ba3e-a1f30b4b0ed5,2025-10-11 13:38:14,2025-10-11 13:38:14
df73a069-964a-4e65-838f-14d300913a9e,Pamela Thompson,lmoon@example.net,18c3b73f-dfad-46a2-b66e-e9591778ccda,3b27e941-6a34-4427-8444-3331dd3ac5b5,2025-10-11 13:38:14,2025-10-11 13:38:14
bc33e7ad-456a-4662-87d0-ec04d1ea522e,Robert Costa,vbailey@example.com,18c3b73f-dfad-46a2-b66e-e9591778ccda,f8782dd8-fb6d-42da-a183-00698fb419e1,2025-10-11 13:38:14,2025-10-11 13:38:14
f399ebea-70fd-4af4-974a-d608ed288ace,Shannon Rivera,zroberts@example.net,18c3b73f-dfad-46a2-b66e-e9591778ccda,e8633dcb-ad18-4d64-aa03-11893e90beb7,2025-10-11 13:38:14,2025-10-11 13:38:14
4718b78d-bfe2-4285-a9c8-e6c0c2da53c0,Brandon King,cordovarichard@example.net,18c3b73f-dfad-46a2-b66e-e9591778ccda,b8be9962-c9c6-4bcd-b86f-e757a7de2284,2025-10-11 13:38:14,2025-10-11 13:38:14
827e26fb-ca75-44a3-bdc2-c88c6ebce3c2,April Booth,mgutierrez@example.net,18c3b73f-dfad-46a2-b66e-e9591778ccda,6b5818bf-bedd-4e50-859a-d768e1a2cc16,2025-10-11 13:38:14,2025-10-11 13:38:14
adaa2fc6-5ec7-47b6-ab8d-bc6ba2960648,Peter Garrett,harrisandrea@example.com,18c3b73f-dfad-46a2-b66e-e9591778ccda,6f17bdc0-0599-4faa-ae5a-ce0cda748217,2025-10-11 13:38:14,2025-10-11 13:38:14
f3b39c45-65ba-46b6-bfd3-063b4468a943,Michael Martinez,jennifercollins@example.org,18c3b73f-dfad-46a2-b66e-e9591778ccda,2fd53937-b12b-49b4-b304-22e18927bb78,2025-10-11 13:38:14,2025-10-11 13:38:14
6063638f-98fd-4232-adeb-a51095a59ac4,Anna Gay,murraydavid@example.org,100b9326-04f8-448c-af05-9b4da591f61b,206ffe3e-d76c-4508-8566-8ea966d4ad75,2025-10-11 13:38:14,2025-10-11 13:38:14
5fae0c8f-6a86-4ea9-9130-84cc686bcb1c,Dr. Jordan Hill PhD,jsanchez@example.org,100b9326-04f8-448c-af05-9b4da591f61b,4a69e82d-f572-4077-866c-855069d15d02,2025-10-11 13:38:14,2025-10-11 13:38:14
988d24c4-e213-4737-a55d-a2ac275f7d3b,Thomas Romero,michellehill@example.com,100b9326-04f8-448c-af05-9b4da591f61b,995f45bf-90e8-4859-96dd-1a7e7bcb7ed5,2025-10-11 13:38:14,2025-10-11 13:38:14
583c651c-984b-4e57-a428-73be6f3f7377,Richard Adams,campbellkenneth@example.net,100b9326-04f8-448c-af05-9b4da591f61b,e082d370-3130-430e-9d39-8e024ce77465,2025-10-11 13:38:14,2025-10-11 13:38:14
630efb61-74c3-40a7-bc23-399cdc5c7996,Mary Grimes,wryan@example.com,100b9326-04f8-448c-af05-9b4da591f61b,6bd43b8a-2b61-4d73-a870-e2ecf6b5fe81,2025-10-11 13:38:14,2025-10-11 13:38:14
6d83ad63-4e62-45dd-b32f-4a1c5c4e7c1a,Kimberly Gibson,molly39@example.com,100b9326-04f8-448c-af05-9b4da591f61b,2690bfc1-9b81-420e-a82f-59ff5b97ab29,2025-10-11 13:38:14,2025-10-11 13:38:14
5a0be92a-a797-447b-99bc-43b47023c354,Reginald Williams,zthornton@example.com,100b9326-04f8-448c-af05-9b4da591f61b,47b6f616-59b4-4992-ba6f-c69be46fcc7f,2025-10-11 13:38:14,2025-10-11 13:38:14
de3bf951-11db-4d21-909c-b9b04fb1f87b,Matthew Hoover,tylerjohnson@example.net,100b9326-04f8-448c-af05-9b4da591f61b,a67a1abb-8dc7-422b-8c09-2ca97e329f3f,2025-10-11 13:38:14,2025-10-11 13:38:14
12d75ea1-a94f-47cc-a301-d9ed1f4204bb,Evelyn Garcia,dgarcia@example.org,100b9326-04f8-448c-af05-9b4da591f61b,2d4946b7-e7d4-45f9-89e8-023fbe229f05,2025-10-11 13:38:14,2025-10-11 13:38:14
7c8ad0b0-6dbc-4c95-8245-d0adb21f8bef,Jennifer Pena,charlesharrington@example.com,100b9326-04f8-448c-af05-9b4da591f61b,cf3e26ba-26e5-43e6-a82b-b378e8acb711,2025-10-11 13:38:14,2025-10-11 13:38:14
5de4bdac-ba15-4e66-9e6e-d07bcd9adbec,Michael Santos,melissa86@example.com,100b9326-04f8-448c-af05-9b4da591f61b,ef07c593-8b41-4190-bf90-1d5a79e55f05,2025-10-11 13:38:14,2025-10-11 13:38:14
4ac6fab1-fbe0-48c7-ad2f-04dfaaed2a5b,Stacy Freeman,williamsonjimmy@example.net,100b9326-04f8-448c-af05-9b4da591f61b,f8c5aac9-9178-4b64-8cf8-c6f9439725c2,2025-10-11 13:38:14,2025-10-11 13:38:14
3d2893eb-9216-4c9f-9ae3-433957d95928,Yolanda Francis,wgood@example.net,100b9326-04f8-448c-af05-9b4da591f61b,dd6521dc-de51-4d3f-b13b-7410cb3e28de,2025-10-11 13:38:14,2025-10-11 13:38:14
719d4244-fcfd-4ad7-b945-25432979aeb4,Ashlee Jackson,rebecca05@example.org,100b9326-04f8-448c-af05-9b4da591f61b,07af3b66-ab67-4fe9-8c91-3bf9b253d467,2025-10-11 13:38:14,2025-10-11 13:38:14
eb9835fb-e360-45fa-9a3e-d1b92f5d18d7,James Thomas,yknight@example.org,100b9326-04f8-448c-af05-9b4da591f61b,aa132f77-abfa-40d5-b4dd-30cae17c9bbd,2025-10-11 13:38:14,2025-10-11 13:38:14
b6846d61-07f5-4aeb-9d5d-7fdd9836bd04,Bob Pitts,tyleraguilar@example.org,100b9326-04f8-448c-af05-9b4da591f61b,bb94c54e-af44-4667-9df1-6acfd32613fb,2025-10-11 13:38:14,2025-10-11 13:38:14
2cda4fa6-2317-4cfc-a114-3994704731df,David Scott,nolansteven@example.com,100b9326-04f8-448c-af05-9b4da591f61b,e702146e-8057-48c7-9b7c-fde483662503,2025-10-11 13:38:14,2025-10-11 13:38:14
8732bd3e-e416-4aa4-b771-97f9d631080f,Brooke Alexander,vanessa46@example.net,100b9326-04f8-448c-af05-9b4da591f61b,a2b18315-8522-4c1f-88e3-b2db53479612,2025-10-11 13:38:14,2025-10-11 13:38:14
e4dd699d-57c5-403e-a15a-e8e554eda766,Ryan Gonzalez,gcastaneda@example.org,100b9326-04f8-448c-af05-9b4da591f61b,69e67587-e2f8-4e0f-b7bc-e55ab52e0d12,2025-10-11 13:38:14,2025-10-11 13:38:14
ad7e42af-00d3-4cfc-942c-eb689d01ce79,Ian Phillips,andrew64@example.org,100b9326-04f8-448c-af05-9b4da591f61b,c2d97c47-3ee7-462b-9d5c-3e4393cc4e8a,2025-10-11 13:38:14,2025-10-11 13:38:14
b14f447d-3d6a-42ea-b241-ed21f70ae89d,Melissa Garner,lozanojulie@example.com,100b9326-04f8-448c-af05-9b4da591f61b,481663a2-32b8-430c-a7bd-86fa60ad9ac5,2025-10-11 13:38:14,2025-10-11 13:38:14
afe80059-96e2-44cb-909d-69463f292ada,Crystal Pham,danaoliver@example.net,100b9326-04f8-448c-af05-9b4da591f61b,80a346cb-4b3a-4bdb-824a-91e0e97af5f9,2025-10-11 13:38:14,2025-10-11 13:38:14
e6899509-da69-4374-b629-9e0f0848f767,Patricia Becker,courtneyberger@example.net,100b9326-04f8-448c-af05-9b4da591f61b,dde7712f-9d05-4130-bcc5-021f6f36e530,2025-10-11 13:38:14,2025-10-11 13:38:14
f4297661-c51f-4521-aeb3-d11888532b2e,Richard Johnson,jessica14@example.com,8b19bc0b-fd6b-4280-a0ce-b3b1d573c5eb,d5f93654-c592-4949-a258-b38971c74e11,2025-10-11 13:38:14,2025-10-11 13:38:14
7f717370-baca-4f6b-a636-0aa890665288,Casey Anderson,alyssa42@example.com,8b19bc0b-fd6b-4280-a0ce-b3b1d573c5eb,e49339eb-324c-4524-9077-9b957f97226d,2025-10-11 13:38:14,2025-10-11 13:38:14
270d6b31-e978-41df-8388-21324d8ce1b3,Terry Coffey,julie51@example.com,8b19bc0b-fd6b-4280-a0ce-b3b1d573c5eb,3c59442e-253b-4b0e-a5a3-e1a9e89903bf,2025-10-11 13:38:14,2025-10-11 13:38:14
8365e371-119e-4bff-b3fa-0bfd508b35fd,Brenda Levy,zcoffey@example.net,8b19bc0b-fd6b-4280-a0ce-b3b1d573c5eb,8587f5af-587d-499a-83bf-cca433437665,2025-10-11 13:38:14,2025-10-11 13:38:14
508dec73-88e1-44c5-941e-bed77657cef9,Richard Smith,gibsonemily@example.net,8b19bc0b-fd6b-4280-a0ce-b3b1d573c5eb,41a8b566-800b-4b7b-a670-cd34387484bf,2025-10-11 13:38:14,2025-10-11 13:38:14
268a4647-d822-454b-8da4-2bfc0a7106e6,James Little,daniel37@example.org,8b19bc0b-fd6b-4280-a0ce-b3b1d573c5eb,e75c3fa2-33a5-473a-9a42-a5843e0a3ae3,2025-10-11 13:38:14,2025-10-11 13:38:14
b4cba006-40c0-4dc9-8daf-879f16e09608,Terri Murphy,deborahreid@example.com,8b19bc0b-fd6b-4280-a0ce-b3b1d573c5eb,775cc0f3-ad6f-4bfd-83b3-0b782d9fb87a,2025-10-11 13:38:14,2025-10-11 13:38:14
b6f5dfed-f7be-4d82-b606-c673385ff799,Elizabeth Ortiz,brandonjohnson@example.com,8b19bc0b-fd6b-4280-a0ce-b3b1d573c5eb,1c0da314-0188-4964-b672-6944eabbe6e4,2025-10-11 13:38:14,2025-10-11 13:38:14
7abe7271-9a6d-4510-94f0-727a6303eccf,David Medina,qchavez@example.net,8b19bc0b-fd6b-4280-a0ce-b3b1d573c5eb,06c2883a-6e50-4db5-8f98-668e988147d3,2025-10-11 13:38:14,2025-10-11 13:38:14
68cea2c7-d3a8-4850-b9c6-83c7a23811d4,Kimberly Matthews,nicolepena@example.com,8b19bc0b-fd6b-4280-a0ce-b3b1d573c5eb,908fa1aa-4f76-4e85-aa12-58534b114aa7,2025-10-11 13:38:14,2025-10-11 13:38:14
8d121d41-37df-49da-b86f-1de0924c35d6,Teresa Ramirez,jeff73@example.com,8b19bc0b-fd6b-4280-a0ce-b3b1d573c5eb,fa49b10d-80e1-4220-a800-993073587702,2025-10-11 13:38:14,2025-10-11 13:38:14
6979ec80-75df-411a-9c5c-9275a7b10e73,Michael Stephens,bruce43@example.org,8b19bc0b-fd6b-4280-a0ce-b3b1d573c5eb,48a27906-ee98-4147-9036-ff144ba90f07,2025-10-11 13:38:14,2025-10-11 13:38:14
c0868d94-033e-484e-b456-f1de7517ce8e,Samantha Davis,darleneharper@example.org,8b19bc0b-fd6b-4280-a0ce-b3b1d573c5eb,9ab9578d-404c-49e9-a8cb-0eca5a023288,2025-10-11 13:38:14,2025-10-11 13:38:14
b4f165da-5297-4ff9-a4b7-b5f56b109686,Gavin Zhang,caseyhubbard@example.org,8b19bc0b-fd6b-4280-a0ce-b3b1d573c5eb,e3570544-fa7c-4030-81b5-238c3c6d4664,2025-10-11 13:38:14,2025-10-11 13:38:14
3a8ecfae-3d76-4af2-a35e-ff4d90c08653,Robin Hall,kristinacarlson@example.com,8b19bc0b-fd6b-4280-a0ce-b3b1d573c5eb,8a8bfe56-24fc-485d-aa38-f2d5a280d40f,2025-10-11 13:38:14,2025-10-11 13:38:14
8ec67741-f6ca-4dce-883e-767b21a1f3ca,Brianna Anderson,lauren10@example.org,8b19bc0b-fd6b-4280-a0ce-b3b1d573c5eb,eb00753c-b855-4fd5-9b11-be2a4c8fe366,2025-10-11 13:38:14,2025-10-11 13:38:14
c373a665-00f2-4c1a-8dc7-c4b87f14ca0e,Richard Young,alfred40@example.org,8b19bc0b-fd6b-4280-a0ce-b3b1d573c5eb,fdd34b15-56f3-4522-9416-362b8df3c9b0,2025-10-11 13:38:14,2025-10-11 13:38:14
c11fb2c2-ee88-4a2a-9908-b9027e2b0efd,Kelly Reese,xwest@example.net,8b19bc0b-fd6b-4280-a0ce-b3b1d573c5eb,ec4e7024-8545-4df3-b443-09c097289837,2025-10-11 13:38:14,2025-10-11 13:38:14
cef56427-59cd-4fd5-abcb-9dc2589ded31,Jodi Walker,acostaregina@example.net,8b19bc0b-fd6b-4280-a0ce-b3b1d573c5eb,26110e1b-95b1-45ac-86a0-911b6a9a7aa3,2025-10-11 13:38:14,2025-10-11 13:38:14
49b9dddb-20eb-405b-a2df-043d4cec0070,Judith Maynard,lutzmelanie@example.com,8b19bc0b-fd6b-4280-a0ce-b3b1d573c5eb,2476c692-5641-45a0-85db-30167010d8d5,2025-10-11 13:38:14,2025-10-11 13:38:14
8e713bc7-1c56-4572-a352-ea330bdda0ad,Katherine Browning,lammarc@example.org,8b19bc0b-fd6b-4280-a0ce-b3b1d573c5eb,fee0f3f4-d6a8-444d-99b3-3ddc29ba2c0e,2025-10-11 13:38:14,2025-10-11 13:38:14
0fbe016a-3661-4399-84ec-e9d7e0d86f1b,Donald Schultz,oscar98@example.com,8b19bc0b-fd6b-4280-a0ce-b3b1d573c5eb,bb15bea4-0cac-4383-8afa-4fae5df30d04,2025-10-11 13:38:14,2025-10-11 13:38:14
